1,﻿圣墟
2,双色球开奖结果
3,一念永恒
4,猎场
5,nba
6,快递单号查询
7,百度
8,龙王传说
9,淘宝
10,武炼巅峰
11,大香蕉
12,大乐透开奖结果
13,元尊
14,飞剑问道
15,京东
16,天气预报
17,qq邮箱
18,伦理片
19,双色球
20,金三胖
21,淘宝网
22,斗鱼
23,帝霸
24,京东商城
25,汽车之家
26,翻译
27,微信
28,邪恶动态图
29,顺丰快递单号查询
30,爱奇艺
31,秋霞
32,百度翻译
33,永夜君王
34,不朽凡人
35,微信网页版
36,3d开奖结果
37,58同城
38,王者荣耀
39,大道朝天
40,圆通快递查询单号
41,中通快递单号查询
42,qq
43,申通快递单号查询
44,电影天堂
45,校花的贴身高手
46,韵达快递单号查询
47,新浪
48,腾讯视频
49,战狼2
50,邪恶漫画
51,修罗武神
52,优酷
53,超品相师
54,微博
55,163
56,一人之下
57,北京天气
58,美女图片
59,lol
60,意乱情迷
61,全职法师
62,我真是大明星
63,双色球走势图
64,直播吧
65,逆天邪神
66,to_love第三季
67,最强狂兵
68,大乐透
69,斗鱼tv
70,bilibili
71,iphonex
72,韩剧网
73,美女
74,天猫
75,苹果官网
76,百度地图
77,中国新歌声
78,yy4480
79,人体艺术
80,周公解梦大全查询
81,天气
82,海贼王
83,盖世帝尊
84,上海天气
85,紫日
86,周公解梦
87,顺丰
88,邮政快递单号查询
89,知乎
90,排列五开奖结果
91,彩票开奖查询
92,牧神记
93,快递查询
94,久久视频这里只精品
95,广州官场地震
96,我是至尊
97,北京时间
98,凤凰网
99,起点
100,百度网盘
101,太古神王
102,第二个母亲
103,混沌剑神
104,95后女主播获刑
105,习近平考察中车
106,绝地求生
107,国家医学考试网
108,人皇纪
109,小说
110,真武世界
111,立冬
112,第九影院
113,日历
114,微信下载
115,七星彩开奖结果
116,我的世界
117,伦理电影
118,寒门崛起
119,成人电影
120,在线翻译
121,大乐透走势图
122,iphone_x
123,中通快递
124,ip
125,地图
126,搜狐
127,无翼鸟
128,携程
129,智联招聘
130,虎牙直播
131,新浪微博
132,nba直播
133,苏宁易购
134,东方快车谋杀案
135,八戒影院
136,和彩云
137,12306
138,无敌天下
139,神马电影网
140,万域之王
141,美团
142,道君
143,一号红人
144,安全教育平台
145,极限挑战
146,斗破苍穹
147,球球大作战
148,黄色网站
149,qq音乐
150,电影
151,国家公务员考试网
152,应用宝
153,亲爱的客栈
154,天道图书馆
155,酷狗音乐
156,腾讯
157,东方财富网
158,阿里巴巴
159,万能钥匙
160,年轻气盛
161,情侣头像
162,支付宝
163,斗战狂潮
164,cctv5
165,3d走势图
166,80s
167,新浪体育
168,lol官网
169,特朗普
170,快手
171,朋友的姐姐
172,baidu
173,龙珠超
174,快递
175,熊猫TV
176,神马电影
177,迪丽热巴
178,网易云音乐
179,哔哩哔哩
180,163邮箱登陆
181,来自星星的你+金秀贤+豪宅
182,热情的邻居
183,小米官网
184,五行天
185,立冬吃什么
186,赵丽颖
187,学信网
188,作业帮
189,360
190,当你沉睡时
191,星座
192,苹果
193,全民k歌
194,av
195,无敌剑域
196,新商盟
197,英雄联盟
198,小米
199,电视剧
200,上证指数
201,光荣使命
202,steam
203,qq头像
204,鹿晗
205,今日头条
206,图片
207,天天啪
208,qq下载
209,谷歌翻译
210,广州天气
211,十九大
212,火车票查询
213,联合早报
214,斗破苍穹漫画
215,赶集网
216,58天
217,白夜追凶
218,虎牙
219,成都天气
220,百度云盘
221,哥哥干
222,做爱
223,虎扑
224,郑州天气
225,微信公众平台
226,路从今夜白
227,亚马逊
228,126
229,圆通
230,白洁
231,qq空间
232,nba录像
233,58
234,起点中文网
235,斗罗大陆3龙王传说
236,华为mate10
237,千图网
238,福彩双色球开奖结果
239,独步天下
240,大主宰
241,cba
242,4399
243,拼多多
244,百度云
245,爸爸去哪儿
246,易车网
247,色情男女
248,新金瓶梅3d
249,武汉天气
250,韩国电影
251,邪恶少女漫画
252,google
253,杭州天气
254,深圳天气
255,光棍电影
256,超碰
257,熊猫
258,邪恶漫画大全
259,万年历
260,逍遥小书生
261,中通
262,高德地图
263,关晓彤
264,中国地图
265,奶爸的文艺人生
266,天天快递单号查询
267,超级兵王
268,华为
269,远景suv
270,阚清子
271,迅雷
272,风清扬
273,李沁
274,美元对人民币汇率
275,邓伦
276,香港经典三级
277,陈翔
278,头像
279,申通
280,怡红院
281,前程无忧
282,微信头像
283,逆鳞
284,叶贤
285,a片
286,喝啤酒时千万别吃4种菜
287,邪王追妻废材逆天小姐
288,性感美女
289,魅力中国城
290,人体艺术摄影
291,快乐大本营
292,重庆天气
293,宋慧乔
294,胡歌
295,百度一下
296,至尊剑皇
297,天泪传奇之凤凰无双
298,彩票
299,斗罗大陆漫画
300,哈尔滨天气
301,乾坤剑神
302,三级片
303,唯美的句子
304,雷神3
305,有道翻译
306,凡人修仙传
307,宋仲基
308,影音先锋
309,六合彩资料大全
310,97影院
311,ems快递单号查询
312,天猫商城
313,羞羞的铁拳
314,武神天下
315,吃鸡
316,吴尊
317,韵达
318,斗罗大陆
319,从仙侠世界归来
320,汉乡
321,南京天气
322,苹果8
323,3d试机号
324,史上最强店主
325,妖怪名单
326,女神的选择
327,葫芦侠
328,重生完美时代
329,www.baidu.com
330,天骄战纪
331,韩雪
332,青娱乐
333,长沙天气
334,重生之最强剑神
335,豆瓣
336,手机腾讯网
337,工商银行
338,vivo
339,当当网
340,超级神基因
341,寄宿公寓
342,龙符
343,极品透视
344,ems
345,王俊凯
346,4399小游戏
347,天蝎座
348,唯品会
349,中国银行
350,网易
351,百度手机助手
352,永恒国度
353,书包网
354,天天快递
355,陈希
356,胡春华
357,近身狂兵
358,神藏
359,双色球开奖结果今天
360,4399游戏盒
361,习近平
362,192.168.1.1
363,西安天气
364,吉利博越
365,iphone
366,双色球开奖
367,金瓶梅
368,iphone8
369,查快递
370,dnf
371,大众
372,火影忍者
373,喜剧总动员
374,b站
375,吴尊老婆
376,苏州天气
377,宅宅网
378,暴走大事件
379,jrs直播
380,我的1979
381,手机看片
382,音乐
383,青青草
384,三生三世十里桃花
385,vpn
386,3dm
387,顺丰快递
388,双色球预测
389,沈阳天气
390,狠狠撸
391,彩票开奖
392,一路向西
393,网易邮箱
394,双十一晚会
395,oppor11
396,武道宗师
397,京东商城网上购物
398,狐妖小红娘
399,天津天气
400,逍遥兵王
401,异世界的美食家
402,oppo
403,天眼查
404,那年花开月正圆
405,时间
406,万古天帝
407,查快递单号
408,薛之谦
409,都市超级医圣
410,163邮箱
411,俗人回档
412,黄色小说
413,世纪佳缘
414,搜狗
415,美图秀秀
416,又见女王蜂
417,建设银行
418,久久热
419,安居客
420,4480
421,一＋
422,贞观大闲人
423,树叶贴画
424,小米枪战
425,造化之王
426,爸爸去哪儿5
427,百姓网
428,jd
429,www.youjizz.com
430,海贼王漫画
431,晋江
432,新闻
433,美食供应商
434,taptap
435,faker
436,违章查询
437,cctv5节目表
438,球球大作战刷棒棒糖
439,快递100
440,合肥天气
441,永恒之心
442,熊出没
443,杨幂
444,致我们单纯的小美好
445,鲁友社区
446,99热这里只有精品
447,红烧肉的做法
448,青苹果影院
449,奥特曼
450,撼路者
451,荒野浪妻
452,60只蚊子写作文
453,雷神
454,芒果tv
455,申通快递
456,体彩大乐透开奖结果
457,圆通快递
458,黄页网站
459,s7
460,济南天气
461,御宅屋
462,黄色视频
463,唐艺昕
464,金柱赫
465,但愿人长久
466,王中王铁算盘开奖结果
467,长春天气
468,迷人的保姆
469,明星大侦探
470,123
471,日元对人民币汇率
472,苏青
473,色情
474,单号查询
475,瓜子二手车直卖网
476,天籁之战
477,大众点评
478,新视觉影院
479,交易猫
480,企查查
481,游民星空
482,携程网
483,华为官网
484,战旗
485,招商银行
486,漫画
487,路人抓拍刘亦菲
488,中国知网
489,梁洛施
490,http://
491,微信公众号
492,马云
493,视频播放器
494,炉石传说
495,凌天战尊
496,支付宝下载
497,尸兄
498,微信网名
499,寒门状元
500,av在线
501,去哪儿网
502,仙路至尊
503,谷歌
504,中国移动网上营业厅
505,三级
506,章子怡
507,花椒直播
508,一拳超人
509,av电影
510,cfpl
511,51job
512,3d字谜
513,啪啪啪
514,斗破苍穹之无上之境
515,韵达快递
516,完美世界
517,贴吧
518,本田
519,www
520,速度
521,青岛天气
522,美团网
523,搜狗输入法
524,欧美av
525,小说排行榜
526,二手车
527,瓜子二手车
528,德邦物流
529,可乐鸡翅的做法
530,jizz
531,家教高级课程
532,大连天气
533,栗战书
534,终结者2
535,毛晓彤
536,互联网＋体育
537,手机
538,个性签名
539,sina
540,黄金价格
541,wps
542,林丽莹
543,遮天
544,射手座
545,汇率
546,刘涛
547,港币对人民币汇率
548,狼人干综合伊人网
549,天秤座
550,执魔
551,wifi万能钥匙
552,磁力链接
553,妖姬与艳妓
554,知网
555,爱奇艺下载
556,特种兵在都市
557,柿子不能和什么一起吃
558,魅族
559,历史乱套了
560,久草在线
561,妈妈的朋友2
562,nga
563,应采儿
564,uc浏览器
565,久久视频
566,126邮箱登陆
567,男人天堂
568,怀孕初期症状
569,6080
570,youtube
571,美团外卖
572,郑爽
573,360浏览器
574,奔驰
575,播播影院
576,生日祝福语
577,图片大全
578,翻译在线
579,易烊千玺
580,南昌天气
581,昵图网
582,性爱
583,太阳的后裔
584,王珞丹
585,五月丁香
586,58同城网招聘
587,apple
588,纯阳武神
589,星座运势
590,yy
591,花瓣
592,水瓶座
593,开奖直播
594,范冰冰
595,体育
596,天下彩
597,酷狗
598,奶结
599,绝世武神
600,qq浏览器
601,爱爱
602,超品透视
603,蛊真人
604,全职高手
605,12306官网
606,校花的贴身高手最新章节
607,宋祖儿
608,王沪宁
609,国家公务员局
610,七界武神
611,下载
612,球探网
613,鬼父
614,网名
615,摩羯座
616,我的禽兽生涯
617,计算器
618,欧美图片
619,我的前半生
620,火车票
621,霍思燕
622,顺产侧切
623,nba直播吧
624,蒙面唱将猜猜猜
625,中国移动
626,飘花电影网
627,苏宁
628,宝骏510
629,惊悚乐园
630,巨蟹座
631,白羊座
632,茅山捉鬼人
633,久久播
634,5173
635,最强神话帝皇
636,早安心语
637,张嘉译
638,妈妈姐姐一起收【完
639,厦门天气
640,双子座
641,房贷计算器
642,hao123
643,丁香五月
644,最强反派糸统
645,名爵6
646,阿里云
647,十二生肖
648,辛芷蕾
649,七星彩
650,狼与兄弟
651,三星s8
652,国家公务员
653,儿歌大全100首
654,双鱼座
655,国考
656,英雄联盟之绝世无双
657,华为p10
658,柳岩
659,我的贴身校花
660,不灭武尊
661,汪洋
662,张卫健
663,七乐彩开奖结果
664,驱动精灵
665,权路迷局
666,吉利帝豪
667,有道
668,美元汇率
669,yy6080
670,色姐妹
671,校园之护花兵王
672,澳客网
673,dota2
674,狮子座
675,武炼巅峰最新章节
676,福州天气
677,交通银行
678,锤子手机
679,杨洋
680,妖神记
681,武练巅峰
682,宁波天气
683,壁纸
684,优速快递单号查询
685,秋霞网
686,锤子
687,肉文
688,金牛座
689,双色球基本走势图
690,研招网
691,十方神王
692,色情网站
693,三国杀
694,武动乾坤
695,游戏
696,丰田
697,母女在派出所被杀_曾3次报警
698,王源
699,民国之文豪崛起
700,陈小春
701,张天爱
702,农业银行
703,飞卢
704,情侣网名
705,网名大全
706,乱伦
707,黄片
708,妈妈的朋友
709,带着仓库到大明
710,weixin
711,孕囊
712,3d
713,链家
714,成都
715,南方基金
716,男同志
717,秋霞电影网
718,大街网
719,漫画大全
720,闲鱼
721,一龙
722,qq分组
723,李连杰
724,女总裁的贴身兵王
725,神马影院
726,合体双修
727,九真九阳
728,应用宝下载
729,味道
730,使徒行者2
731,汤加丽人体艺术摄影
732,别克
733,少妇白洁
734,属相婚配
735,超级飞侠
736,百世汇通
737,温州天气
738,看看屋
739,2046影院
740,六开彩开奖现场直播
741,黄色
742,中国邮政快递查询
743,最强弃少
744,赘婿
745,足球比分
746,毛泽东
747,处女座
748,亚洲色图
749,排列五
750,韩正
751,运动会加油稿
752,乱伦小说
753,欢场春梦
754,阴阳师
755,短发发型
756,华为商城
757,二代身份证背后隐藏的惊人秘密
758,百度翻译在线
759,入党申请书
760,yy6080新视觉影院
761,大道争锋
762,车辆违章查询
763,吴亦凡
764,马自达
765,taobao
766,天涯论坛
767,爱情保卫战
768,张睿
769,一
770,神话版三国
771,139邮箱登陆
772,色戒
773,广场舞16步
774,快播
775,快看漫画
776,管家婆中特网
777,汽车
778,刘亦菲
779,冬至
780,tfboys
781,荒野求生
782,圣虚
783,纪凌尘
784,动漫头像
785,武林风
786,concern超碰在线
787,昆明天气
788,监禁时间
789,大乐透开奖结果查询
790,人民的名义
791,唐嫣
792,excel
793,cctv5在线直播
794,智学网
795,最强医圣
796,优酷视频
797,qq网名
798,保时捷
799,久久99re热在线播放
800,无锡天气
801,手抄报
802,黄图
803,废材逆天四小姐
804,淮北长途汽车站
805,福特
806,妈妈出差的夏天
807,全国企业信用信息公示系统
808,skt
809,喜气洋洋小金莲
810,英语翻译
811,四虎影库
812,一本道
813,非诚勿扰
814,色
815,免费全本小说
816,天影
817,移动网上营业厅
818,李治廷
819,背着丈夫
820,苹果7
821,太平洋汽车网
822,绝地求生大逃杀
823,gai
824,吴京
825,体育新闻
826,1＋
827,百度贴吧
828,琉璃神社
829,直播
830,苍井空
831,打call
832,贴身兵王
833,中国电信
834,天涯
835,香港马会资料一肖中特
836,新视觉
837,龙腾小说
838,凤凰古城
839,嫡女重生记
840,3d开奖
841,秋霞在线观看秋
842,笔趣阁
843,天醒之路
844,吞天记
845,捷德奥特曼
846,欧美性爱
847,斗地主
848,中国信鸽信息网
849,西直门长途汽车站
850,性交
851,纪念碑谷2
852,里番
853,av视频
854,农家仙田
855,当当
856,特斯拉
857,整体认读音节
858,snh48
859,贵妃网
860,cf
861,东莞天气
862,清宫手术
863,国模
864,万圣节
865,电视剧大全
866,色和尚
867,谷歌浏览器
868,龚玥菲
869,雪中悍刀行
870,三七粉的功效与作用
871,腾讯漫画
872,晋江文学城
873,凯迪拉克
874,王者荣耀官网
875,好123
876,虎扑nba
877,官梯
878,三字经
879,安能物流
880,如懿传
881,解梦
882,密战
883,英文翻译
884,vacance
885,中国＋大学生＋创业＋网
886,赵乐际
887,影视大全
888,中国惊奇先生
889,新浪邮箱
890,重生之神级学霸
891,福利彩票
892,亚洲av
893,acfun
894,石家庄天气
895,帝豪gs
896,计算机二级成绩查询
897,百度识图
898,马天宇
899,华为手机
900,花瓣网
901,杨贵妃秘史
902,婷婷
903,流星花园
904,douyu
905,新浪网
906,帝豪gl
907,google翻译
908,白小姐中特网
909,动漫
910,淘宝网首页
911,异常生物见闻录
912,15天天气预报
913,广场舞
914,英雄联盟官网
915,联通网上营业厅
916,白小姐一肖中特马
917,互动作业
918,武侠世界大穿越
919,说说大全
920,你的名字
921,杨紫
922,百香果的功效与作用
923,陆少的暖婚新妻
924,雷克萨斯
925,韩剧tv
926,魔兽世界
927,快手下载
928,1688
929,nike
930,陈学冬
931,facebook
932,1024
933,腾讯视频下载
934,雅迪电动车
935,谷歌地图
936,东京热
937,国产自拍
938,绝世剑神
939,欧美色图
940,绝世武魂
941,秦时明月之君临天下
942,日元汇率
943,微博登录
944,人体艺术写真
945,放开那个女巫
946,百度文库
947,大话西游
948,性
949,2017伦理电影在线观看
950,狠狠干
951,排列三走势图
952,德邦快递单号查询
953,陈伟霆
954,都市奇门医圣
955,排列三
956,下载微信
957,性爱小说
958,圆通快递单号查询
959,儿歌
960,笑话
961,东哥
962,十二星座
963,做爱视频
964,年轻的母亲3
965,搜房网
966,性生活
967,隔壁的女孩
968,美元
969,邮箱
970,饿了么
971,林柏欣
972,临沂天气
973,比亚迪
974,3d走势图带连线
975,将军在上我在下
976,平凡的世界
977,李易峰
978,腾讯体育
979,国考报名
980,双色球开奖结果查询
981,雪鹰领主
982,龙纹战神
983,万能钥匙下载
984,大麦网
985,百度学术
986,名侦探柯南
987,植物大战僵尸
988,文莱
989,黄子韬
990,uc
991,西游记
992,江泽民
993,绝世战魂
994,郎永淳
995,色情小说
